{"mean_confidence": [0.00362018751911819, 0.0038937118370085955, 0.003982792608439922, 0.0040880898013710976, 0.004237084649503231, 0.0039222328923642635, 0.004223623313009739, 0.004400702193379402, 0.004032399971038103, 0.004525809548795223, 0.004339795559644699, 0.004040895961225033, 0.004072161857038736, 0.0037200748920440674, 0.004162255674600601, 0.004099714104086161, 0.004148249980062246, 0.004187359008938074, 0.004233939573168755, 0.00464226771146059, 0.004315328784286976, 0.0041473484598100185, 0.003964817151427269, 0.004096479155123234, 0.004466834478080273, 0.004013183526694775, 0.004303589928895235, 0.004308674484491348, 0.0038973360788077116, 0.004012176301330328, 0.004009977914392948, 0.004258712287992239, 0.0038658231496810913, 0.003921437077224255, 0.004586890805512667, 0.004010822158306837, 0.003838165430352092, 0.003957408480346203, 0.0042184810154139996, 0.004494464490562677, 0.004213420208543539, 0.004203683231025934, 0.0041899606585502625, 0.003718872321769595, 0.0044487835839390755, 0.00374354375526309, 0.0039018578827381134, 0.004159793257713318, 0.0038937211502343416, 0.003885154379531741, 0.003981459885835648, 0.004745583515614271, 0.00416715070605278, 0.0037197102792561054, 0.0040430002845823765, 0.004209611564874649, 0.003863506019115448, 0.003966952208429575, 0.004289495293051004, 0.004123524762690067, 0.00348202814348042, 0.0038974278140813112, 0.003991720732301474, 0.004069330170750618], "mean_entropy": [5.505821704864502, 5.50567626953125, 5.505331993103027, 5.507417678833008, 5.506754398345947, 5.506259441375732, 5.5064592361450195, 5.50740909576416, 5.506436347961426, 5.505615234375, 5.506560802459717, 5.505878925323486, 5.5084004402160645, 5.5085625648498535, 5.5061540603637695, 5.50531005859375, 5.506520748138428, 5.506595611572266, 5.507376670837402, 5.505926132202148, 5.5066351890563965, 5.504887580871582, 5.5071282386779785, 5.50558614730835, 5.506382942199707, 5.506176948547363, 5.504494667053223, 5.507685661315918, 5.50567102432251, 5.505992889404297, 5.505766868591309, 5.505599498748779, 5.506495475769043, 5.50720739364624, 5.507144927978516, 5.507208347320557, 5.507744789123535, 5.506945610046387, 5.504624843597412, 5.508162975311279, 5.505772590637207, 5.5052313804626465, 5.506110191345215, 5.506423473358154, 5.503260612487793, 5.506096839904785, 5.508606433868408, 5.506819725036621, 5.505120754241943, 5.506048679351807, 5.507391929626465, 5.503546237945557, 5.502457141876221, 5.506904602050781, 5.505436420440674, 5.505125999450684, 5.506711959838867, 5.5053300857543945, 5.507626056671143, 5.50667142868042, 5.506784915924072, 5.502373218536377, 5.507034778594971, 5.507023811340332], "aulc": 0.004036341328173876, "n_sequences": 20, "block_size": 64, "model_name": "baseline"}