{
  "delta_matrix": [
    [
      0.015873015873015872,
      0.016129032258064516,
      -0.008333333333333333,
      -0.026785714285714284
    ],
    [
      -0.06349206349206349,
      -0.008064516129032258,
      0.0,
      0.0
    ],
    [
      0.007936507936507936,
      -0.024193548387096774,
      -0.025,
      0.0
    ],
    [
      0.015873015873015872,
      -0.008064516129032258,
      0.0,
      0.017857142857142856
    ],
    [
      0.0,
      -0.06451612903225806,
      0.0,
      0.008928571428571428
    ]
  ],
  "baseline_crossing": {
    "k=1": 1,
    "k=2": 4,
    "k=4": 2,
    "k=8": 0
  },
  "fca_crossing": {
    "k=1": 0,
    "k=2": 0,
    "k=4": 3,
    "k=8": 3
  },
  "lookaheads": [
    1,
    2,
    4,
    8
  ]
}