{"mean_confidence": [0.0036560543812811375, 0.0035938650835305452, 0.0037238900549709797, 0.004089344292879105, 0.004199410323053598, 0.0037922572810202837, 0.004688382148742676, 0.003924468997865915, 0.003760764840990305, 0.0038804984651505947, 0.004250743892043829, 0.004231756553053856, 0.0037090075202286243, 0.004289998207241297, 0.0043239532969892025, 0.004164745099842548, 0.003869279520586133, 0.003832706483080983, 0.004129757173359394, 0.0039555346593260765, 0.004104007966816425, 0.004076822195202112, 0.004013072699308395, 0.004050308372825384, 0.003883492201566696, 0.0040555233135819435, 0.004063600208610296, 0.004212041851133108, 0.003945582080632448, 0.004304438829421997, 0.003978326451033354, 0.004423249512910843, 0.003835168434306979, 0.004354941658675671, 0.003933570813387632, 0.004247522912919521, 0.0037591333966702223, 0.0038453799206763506, 0.0038410909473896027, 0.004120569676160812, 0.003974435850977898, 0.003973666578531265, 0.0038193173240870237, 0.00377283850684762, 0.0037871848326176405, 0.0043941098265349865, 0.0035098225343972445, 0.0040336186066269875, 0.0034888717345893383, 0.004350198898464441, 0.0035032518208026886, 0.003914782777428627, 0.0037847370840609074, 0.0034240223467350006, 0.0034651581663638353, 0.003967272583395243, 0.003854254260659218, 0.0035571102052927017, 0.0038392890710383654, 0.004146561957895756, 0.0037970140110701323, 0.003668318735435605, 0.0038799624890089035, 0.004440860357135534], "mean_entropy": [5.500710964202881, 5.503161430358887, 5.502399444580078, 5.502623558044434, 5.502011775970459, 5.502450466156006, 5.50363302230835, 5.50164794921875, 5.501039028167725, 5.501734256744385, 5.501517295837402, 5.500119209289551, 5.5004801750183105, 5.5002641677856445, 5.501418113708496, 5.500677585601807, 5.500308036804199, 5.501187801361084, 5.501030921936035, 5.500338077545166, 5.500676155090332, 5.500369071960449, 5.501774311065674, 5.502536773681641, 5.499870777130127, 5.50119686126709, 5.500152587890625, 5.5002851486206055, 5.499685287475586, 5.5005645751953125, 5.500011920928955, 5.4988508224487305, 5.500362873077393, 5.500694274902344, 5.50063419342041, 5.502098083496094, 5.500095367431641, 5.503281593322754, 5.501687526702881, 5.501526832580566, 5.501002788543701, 5.499861717224121, 5.500220775604248, 5.5006890296936035, 5.502255439758301, 5.500711917877197, 5.500507354736328, 5.498629093170166, 5.500368118286133, 5.501943111419678, 5.501345634460449, 5.502144813537598, 5.500838279724121, 5.499952793121338, 5.501064777374268, 5.502835750579834, 5.499205112457275, 5.500499725341797, 5.501389980316162, 5.500767707824707, 5.500609397888184, 5.5005927085876465, 5.500149726867676, 5.501449108123779], "aulc": 0.003897069487720728, "n_sequences": 20, "block_size": 64, "model_name": "fca-random-z"}