{"mean_confidence": [0.0035269870422780514, 0.003915061708539724, 0.003835448296740651, 0.0036307252012193203, 0.003810375928878784, 0.003722146851941943, 0.0045196921564638615, 0.004004273563623428, 0.0037300053518265486, 0.004076140467077494, 0.0037979171611368656, 0.0038352503906935453, 0.003628858830779791, 0.004185998812317848, 0.0037384226452559233, 0.004396078642457724, 0.004144697450101376, 0.004135352559387684, 0.0035754914861172438, 0.0038590773474425077, 0.004217769950628281, 0.003950333688408136, 0.0040375166572630405, 0.004422036465257406, 0.0038192346692085266, 0.003705414477735758, 0.004008191172033548, 0.0038205080199986696, 0.0038846335373818874, 0.00413705687969923, 0.0038753016851842403, 0.003953760955482721, 0.00393188651651144, 0.0040754592046141624, 0.0035303528420627117, 0.003934063948690891, 0.0040315850637853146, 0.004184108227491379, 0.003555090632289648, 0.0040082805790007114, 0.00407265592366457, 0.004513095133006573, 0.004042343702167273, 0.0033997781574726105, 0.004102361388504505, 0.004027257673442364, 0.0038743794430047274, 0.0041553252376616, 0.004062577150762081, 0.003898089285939932, 0.003854322014376521, 0.004115309100598097, 0.003520543919876218, 0.0037148583214730024, 0.004297491163015366, 0.0036808736622333527, 0.003983006812632084, 0.00386040355078876, 0.004101193509995937, 0.0038369230460375547, 0.003616266418248415, 0.0042120530270040035, 0.003949768841266632, 0.0034316875971853733], "mean_entropy": [5.505715847015381, 5.502562046051025, 5.5041069984436035, 5.5042009353637695, 5.50444221496582, 5.503331184387207, 5.5030317306518555, 5.501903057098389, 5.502788543701172, 5.499033451080322, 5.502449035644531, 5.502960205078125, 5.503729820251465, 5.504812717437744, 5.502199649810791, 5.502973556518555, 5.503046035766602, 5.505110263824463, 5.5060529708862305, 5.504302501678467, 5.502724647521973, 5.503190040588379, 5.504642486572266, 5.504734039306641, 5.502796173095703, 5.50553560256958, 5.504535675048828, 5.5047526359558105, 5.505351543426514, 5.504905700683594, 5.505621910095215, 5.5030059814453125, 5.5050835609436035, 5.5038909912109375, 5.504204750061035, 5.506617546081543, 5.504305362701416, 5.503561496734619, 5.5039496421813965, 5.504109859466553, 5.506758213043213, 5.504891395568848, 5.505269527435303, 5.503264904022217, 5.505867004394531, 5.506718635559082, 5.501922607421875, 5.507221221923828, 5.502762794494629, 5.5047783851623535, 5.504417419433594, 5.5043864250183105, 5.506588935852051, 5.501204013824463, 5.504851818084717, 5.504709243774414, 5.5042853355407715, 5.503847599029541, 5.505107879638672, 5.504185676574707, 5.504549503326416, 5.50540828704834, 5.502322196960449, 5.502954006195068], "aulc": 0.0038749035447835922, "n_sequences": 20, "block_size": 64, "model_name": "fca-top-third"}