{
  "delta_matrix": [
    [
      0.0,
      0.03225806451612903,
      0.0,
      0.0
    ],
    [
      -0.05555555555555555,
      -0.024193548387096774,
      0.0,
      0.0
    ],
    [
      0.03968253968253968,
      -0.024193548387096774,
      -0.025,
      0.008928571428571428
    ],
    [
      0.007936507936507936,
      0.0,
      -0.008333333333333333,
      0.026785714285714284
    ],
    [
      0.0,
      -0.06451612903225806,
      -0.01666666666666667,
      0.017857142857142856
    ]
  ],
  "baseline_crossing": {
    "k=1": 1,
    "k=2": 4,
    "k=4": 2,
    "k=8": 0
  },
  "fca_crossing": {
    "k=1": 2,
    "k=2": 0,
    "k=4": 0,
    "k=8": 0
  },
  "lookaheads": [
    1,
    2,
    4,
    8
  ]
}